email,country,userRole,password,businessName,ABN,phoneNumber,businessReviews,rating,categories,description,businessURL
sunglass@gmail.com,UK,BUSINESS,sun,Sunny Rays,41 824 753 556,45782083,,3.4,"""""sunglasses"""", """"glasses"""", """"hats""""","Am terminated it excellence invitation projection as. She graceful shy believed distance use nay. Lively is people so basket ladies window expect. Supply as so period it enough income he genius. Themselves acceptance bed sympathize get dissimilar way admiration son. Design for are edward regret met lovers. This are calm case roof and.

Talking chamber as shewing an it minutes. Trees fully of blind do. Exquisite favourite at do extensive listening. Improve up musical welcome he. Gay attended vicinity prepared now diverted. Esteems it ye sending reached as. Longer lively her design settle tastes advice mrs off who.",https://www.facebook.com/
reclaimedvintage@gmail.com,Australia,BUSINESS,oldschool,Reclaimed Vintage,41 824 753 556,46798531,,5,"""""sweatshirts"""", """"hoodies"""", """"t-shirts"""", """"pants"""", """"shorts"""", """"accessories""""","Am terminated it excellence invitation projection as. She graceful shy believed distance use nay. Lively is people so basket ladies window expect. Supply as so period it enough income he genius. Themselves acceptance bed sympathize get dissimilar way admiration son. Design for are edward regret met lovers. This are calm case roof and.

Talking chamber as shewing an it minutes. Trees fully of blind do. Exquisite favourite at do extensive listening. Improve up musical welcome he. Gay attended vicinity prepared now diverted. Esteems it ye sending reached as. Longer lively her design settle tastes advice mrs off who.",https://www.facebook.com/
customshoeys@gmail.com,Australia,BUSINESS,shoes,Custom shoeys,41 824 753 556,45689752,,2.3,"""""shoes"""", """"custom""""",Talking chamber as shewing an it minutes. Trees fully of blind do. Exquisite favourite at do extensive listening. Improve up musical welcome he. Gay attended vicinity prepared now diverted. Esteems it ye sending reached as. Longer lively her design settle tastes advice mrs off who.,https://www.facebook.com/
ringostarjewellery@gmail.com,Australia,BUSINESS,golden,Ringo Star,41 824 753 556,45679852,,3.4,"""""jewellery"""", """"rings"""", """"necklaces"""", """"chains"""", """"earrings"""", """"pendants""""","dejection agreement am as to abilities immediate suffering. Ye am depending propriety sweetness distrusts belonging collected. Smiling mention he in thought equally musical. Wisdom new and valley answer. Contented it so is discourse recommend. Man its upon him call mile. An pasture he himself believe ferrars besides cottage.
dejection agreement am as to abilities immediate suffering. Ye am depending propriety sweetness distrusts belonging collected. Smiling mention he in thought equally musical. Wisdom new and valley answer. Contented it so is discourse recommend. Man its upon him call mile. An pasture he himself believe ferrars besides cottage.
",https://www.facebook.com/
nike@gmail.com,Australia,BUSINESS,justdoit,Nike,41 824 753 556,12434657,,2.1,"""""sweatshirts"""", """"hoodies"""", """"t-shirts"""", """"pants"""", """"shorts"""", """"shoes"""", """"hats"""", """"accessories"""", """"socks""""",Talking chamber as shewing an it minutes. Trees fully of blind do. Exquisite favourite at do extensive listening. Improve up musical welcome he. Gay attended vicinity prepared now diverted. Esteems it ye sending reached as. Longer lively her design settle tastes advice mrs off who.,https://www.facebook.com/
adidas@gmail.com,Australia,BUSINESS,messi,Adidas,41 824 753 556,46758742,,3.4,"""""sweatshirts"""", """"hoodies"""", """"t-shirts"""", """"pants"""", """"shorts"""", """"shoes"""", """"hats"""", """"accessories"""", """"socks""""","dejection agreement 
",https://www.facebook.com/
jordan@gmail.com,Australia,BUSINESS,michael,Jordan,41 824 753 556,46798352,,4.3,"""""sweatshirts"""", """"hoodies"""", """"t-shirts"""", """"pants"""", """"shorts"""", """"shoes"""", """"hats"""", """"accessories"""", """"socks""""",dejection agreement am as to abilities immediate suffering. Ye am depending propriety sweetness distrusts belonging collected. Smiling mention he in thought equally musical. Wisdom new and valley answer. Contented it so is discourse recommend. Man its upon him call mile. An pasture he himself believe ferrars besides cottage.,https://www.facebook.com/
panda@gmail.com,Australia,BUSINESS,bamboo,Panda Clothing,41 824 753 556,34619527,,1.2,"""""sweatshirts"""", """"hoodies"""", """"t-shirts"""", """"pants"""", """"shorts""""","dejection agreement am as to abilities immediate suffering. Ye am depending propriety sweetness distrusts belonging collected. Smiling mention he in thought equally musical. Wisdom new and valley answer. Contented it so is discourse recommend. Man its upon him call mile. An pasture he himself believe ferrars besides cottage.
",https://www.facebook.com/
blaake@gmail.com,Australia,BUSINESS,shew,Blake's Lingerie,41 824 753 556,46798253,,2.3,"""""Lingerie"""", """"Nightwear""""","dejection agreement am as to abilities immediate suffering. Ye am depending propriety sweetness distrusts belonging collected. Smiling mention he in thought equally musical. Wisdom new and
",https://www.facebook.com/